Name,mass,radio,x,y,vel,prad
0.0,1.989e+30,696340000.0,0.0,0.0,0.0,0.0
1.0,3.285e+23,2439700.0,69800000000.0,0.0,38859.05466464354,4.71
2.0,4.867e+24,6051800.0,108900000000.0,0.0,34790.38076,4.71
3.0,5.972e+24,6371000.0,152097701000.0,0.0,29286.71518,4.71
4.0,6.39e+23,3389500.0,249100000000.0,0.0,21978.169603715964,4.71
